﻿STT,Book,URL,Document Type
1,Khám phá FreeRTOS trên ESP32 với PlatformIO,https://tutoduino.fr/en/discover-freertos-on-an-esp32-with-platformio/,Sưu tầm
2,FreeRTOS_Reference_Manual_V10.0.0,https://www.freertos.org/media/2018/FreeRTOS_Reference_Manual_V10.0.0.pdf,Sưu tầm
3,"Các giao thức kết nối ",https://drive.google.com/drive/folders/1jlokrcu0OMwblmsxKgqejdFYJ-GM3I8X,Sưu tầm rồi tổng hợp lại
4,"Mastering the FreeRTOSTM
Real Time Kernel",https://drive.google.com/drive/folders/1jlokrcu0OMwblmsxKgqejdFYJ-GM3I8X,Sưu tầm
5,"Operating Systems Three Easy Pieces ","https://drive.google.com/drive/folders/1jlokrcu0OMwblmsxKgqejdFYJ-GM3I8X     ",Sưu tầm
6,"Using the FreeRTOS Real Time Kernel - a Practical Guide ",https://drive.google.com/drive/folders/1jlokrcu0OMwblmsxKgqejdFYJ-GM3I8X,Sưu tầm